row_index,aave_meta,aave_olmo,sae_meta,sae_olmo
1309,Yes,No,No,No
228,Yes,No,Yes,No
51,No,No,No,No
1518,No,No,No,No
563,Yes,No,No,No
501,No,No,Yes,No
457,No,No,No,No
285,Yes,No,No,Yes
1508,Yes,No,No,No
209,No,No,No,No
1385,No,No,No,No
1516,No,No,No,No
1827,Yes,No,Yes,Yes
1116,No,No,No,No
178,No,Yes,No,Yes
1209,No,No,No,No
864,No,No,No,Yes
65,No,No,No,No
61,No,No,No,No
191,No,Yes,No,Yes
447,Yes,Yes,Yes,Yes
476,No,No,No,No
1034,No,No,No,No
1232,No,No,No,No
54,No,No,No,No
1149,No,No,No,No
407,No,No,Yes,Yes
1466,No,No,No,No
1330,No,No,No,No
1436,No,No,No,No
2005,No,No,No,No
859,No,No,No,No
451,No,No,No,No
919,No,No,No,No
1206,No,No,No,No
569,No,No,No,No
1657,No,No,No,No
1780,No,No,No,No
13,No,No,No,No
1554,No,No,No,No
1650,No,No,Yes,No
326,Yes,No,Yes,No
1429,No,No,No,No
865,No,Yes,No,Yes
696,Yes,No,No,No
1983,No,Yes,No,Yes
318,No,No,No,No
440,No,No,No,No
1960,Yes,No,Yes,No
1563,No,No,No,Yes
0,No,,No,
1,Yes,No,Yes,No
2,Yes,,No,
3,No,,Yes,
4,Yes,No,No,No
5,Yes,,No,
6,No,No,No,No
7,Yes,No,Yes,No
1652,No,No,No,No
88,No,No,No,No
1494,No,No,No,No
940,No,No,No,No
1098,No,No,No,No
255,No,No,No,No
1888,No,No,No,No
775,No,No,No,No
161,No,No,No,No
1130,No,No,No,No
600,No,No,No,No
1698,Yes,No,Yes,Yes
1287,No,No,No,No
1266,No,No,No,No
1813,Yes,No,No,No
1764,Yes,Yes,Yes,Yes
740,Yes,No,Yes,Yes
1182,Yes,No,No,Yes
393,No,No,No,No
1442,No,No,No,No
142,No,No,No,No
93,Yes,No,Yes,No
1354,Yes,Yes,Yes,No
466,Yes,No,No,No
1583,No,No,No,No
592,Yes,No,Yes,No
163,Yes,No,Yes,No
1751,Yes,No,Yes,No
1997,Yes,No,No,No
1774,No,No,No,No
206,No,No,No,No
1965,No,No,No,No
1973,Yes,No,Yes,No
928,No,No,No,Yes
1301,Yes,No,Yes,No
1708,No,Yes,No,No
747,Yes,No,No,No
333,Yes,No,Yes,No
758,No,No,No,No
727,No,No,No,No
429,Yes,No,Yes,No
1372,Yes,No,Yes,No
546,No,No,No,No
1437,Yes,No,Yes,No
1399,Yes,No,No,No
1327,No,No,No,No
146,No,No,No,No
1247,Yes,No,No,No
1300,No,No,No,No
350,Yes,No,No,No
1093,Yes,No,No,No
1493,Yes,No,Yes,No
2013,Yes,No,Yes,No
334,Yes,No,No,No
946,Yes,No,No,No
777,No,No,No,No
552,Yes,No,Yes,No
1895,No,No,No,No
1310,No,No,No,No
1409,No,No,No,No
1140,No,No,No,No
449,No,No,No,No
1402,No,No,No,No
664,No,No,No,No
1726,No,No,No,No
1573,No,No,No,No
1589,No,No,No,No
114,Yes,No,Yes,No
469,Yes,No,No,No
1683,No,No,No,No
2001,No,No,Yes,No
1648,Yes,No,Yes,No
646,No,No,No,No
821,No,No,No,No
548,No,No,No,No
135,No,Yes,No,Yes
432,No,No,No,No
1870,Yes,No,Yes,No
1161,No,No,No,No
1794,No,No,No,No
1470,Yes,No,No,No
644,No,No,No,No
435,Yes,No,Yes,No
1342,No,No,Yes,No
1022,Yes,Yes,Yes,Yes
810,Yes,No,Yes,No
1811,No,No,No,No
1316,Yes,No,Yes,No
939,Yes,No,No,No
292,Yes,Yes,Yes,Yes
542,No,No,No,No
2011,No,No,No,No
505,No,No,No,No
1525,No,No,Yes,No
1993,No,No,No,No
1103,No,No,No,No
538,No,No,Yes,No
1529,No,No,No,No
1197,No,No,Yes,No
877,No,No,No,No
1838,No,No,No,No
1195,Yes,No,Yes,No
817,Yes,No,No,No
741,No,No,No,No
1897,No,No,No,No
283,No,No,No,No
1043,Yes,No,No,No
1010,No,No,No,No
186,No,No,No,No
1547,Yes,No,Yes,No
96,Yes,No,Yes,No
1763,Yes,No,Yes,No
224,No,No,No,No
313,No,No,No,No
1285,Yes,No,No,No
327,No,No,No,No
1622,Yes,No,No,No
1393,Yes,No,Yes,Yes
2002,Yes,No,Yes,Yes
1221,Yes,No,No,No
130,No,No,No,No
788,Yes,No,Yes,No
781,Yes,No,No,No
1220,Yes,No,No,No
958,No,No,No,No
1083,Yes,No,Yes,No
514,Yes,No,No,No
1133,Yes,No,No,No
1762,No,No,No,No
23,Yes,No,No,No
1841,No,No,No,No
1476,Yes,No,No,No
234,No,No,No,No
1396,No,No,No,No
1812,No,No,Yes,Yes
1099,Yes,No,Yes,No
1537,No,No,No,Yes
1916,Yes,No,No,Yes
1574,Yes,No,No,No
1312,Yes,No,Yes,No
8,Yes,,,
539,Yes,No,No,No
1025,No,No,No,No
1560,Yes,No,No,No
365,Yes,No,No,No
1039,Yes,No,No,No
217,Yes,No,No,No
1782,No,No,No,No
1280,Yes,No,No,No
611,No,No,No,No
1723,Yes,No,No,No
1308,No,No,No,No
1804,No,Yes,No,Yes
1911,No,No,No,No
1992,No,No,No,No
1845,No,No,No,No
765,No,No,No,No
1561,No,No,Yes,No
330,No,No,No,No
1104,No,No,No,No
1594,No,No,No,No
1086,Yes,No,Yes,No
1226,No,Yes,No,No
663,Yes,No,Yes,No
1000,No,No,No,No
39,Yes,No,Yes,No
229,No,No,No,No
743,No,No,No,No
1703,Yes,No,No,No
1958,Yes,Yes,Yes,No
629,No,No,No,No
490,No,No,Yes,No
118,Yes,Yes,Yes,Yes
493,No,No,No,No
1880,No,Yes,No,Yes
1950,No,No,No,No
175,No,No,No,No
1498,No,No,Yes,No
995,No,No,No,No
1671,Yes,No,Yes,Yes
141,No,No,No,No
1557,No,No,No,No
1090,Yes,No,Yes,No
1568,Yes,No,No,No
257,No,No,Yes,No
262,No,No,No,No
1351,No,No,No,No
973,No,No,No,No
1125,No,No,No,No
338,Yes,No,Yes,No
1868,Yes,No,No,No
1080,No,No,Yes,No
1242,No,No,Yes,No
866,No,No,No,No
433,No,No,No,No
1790,Yes,No,Yes,No
1546,No,No,No,No
1956,No,No,No,No
1412,No,No,No,No
411,Yes,Yes,Yes,No
1460,Yes,No,No,No
638,No,No,No,No
1856,No,No,No,No
1375,No,No,No,Yes
1990,No,No,No,No
764,No,No,No,No
897,No,No,No,No
1059,No,No,No,No
924,No,No,No,No
247,Yes,No,Yes,No
507,Yes,Yes,Yes,No
460,No,No,No,No
131,No,No,No,No
692,No,No,No,No
43,Yes,No,Yes,No
1204,No,No,No,No
1134,No,No,No,No
471,Yes,No,No,No
1205,No,No,No,No
1986,No,No,No,No
1052,No,No,No,No
487,No,No,No,No
570,No,No,Yes,No
1370,No,No,No,No
994,No,No,No,No
438,No,No,No,No
1753,No,No,No,No
270,No,No,No,No
1481,No,No,No,No
1169,No,No,No,No
1180,Yes,No,No,No
968,No,No,No,No
497,Yes,Yes,Yes,Yes
1606,Yes,No,No,No
1707,Yes,No,No,No
1653,Yes,No,No,No
833,Yes,No,Yes,Yes
389,No,No,No,No
193,No,Yes,No,Yes
1964,No,No,No,No
1349,Yes,No,Yes,No
882,No,No,No,No
725,Yes,No,No,No
867,Yes,No,Yes,No
841,Yes,No,Yes,No
956,Yes,Yes,Yes,No
1907,Yes,No,Yes,No
110,Yes,No,No,No
1379,No,No,No,No
1338,No,No,No,No
1323,Yes,Yes,Yes,Yes
201,Yes,No,Yes,No
124,No,No,No,No
824,Yes,No,Yes,No
1491,Yes,No,Yes,No
694,Yes,No,Yes,No
1639,Yes,No,No,No
223,Yes,No,Yes,No
509,No,No,No,No
392,No,No,No,No
1701,Yes,No,Yes,No
1954,Yes,No,Yes,No
918,Yes,No,Yes,No
287,No,No,No,No
1840,No,No,No,No
375,Yes,No,No,No
1716,No,No,No,No
947,Yes,No,No,No
511,No,No,No,No
154,No,No,Yes,No
907,Yes,No,No,No
1654,No,No,No,No
1127,No,No,No,No
200,Yes,No,Yes,No
103,Yes,No,No,No
1335,Yes,No,Yes,No
1107,Yes,No,Yes,No
30,Yes,No,Yes,No
1999,Yes,No,Yes,No
1543,Yes,No,Yes,No
484,Yes,No,Yes,No
340,No,No,No,No
832,No,No,No,No
1714,Yes,No,Yes,No
985,No,No,No,No
437,No,No,Yes,No
1885,Yes,No,Yes,No
1724,No,No,No,No
337,No,No,No,No
776,No,No,No,No
799,Yes,No,Yes,No
543,Yes,No,Yes,No
1605,Yes,No,No,No
1607,No,No,No,No
931,No,No,No,No
584,No,No,No,No
1755,No,No,No,No
1426,Yes,No,No,No
1496,No,No,No,No
1604,Yes,No,Yes,No
1138,No,No,No,No
1355,No,No,No,No
1471,No,No,No,No
996,Yes,No,No,No
317,Yes,No,Yes,No
388,No,No,No,No
607,Yes,No,No,No
445,No,No,No,No
119,Yes,No,Yes,No
1186,No,No,No,No
1506,No,No,No,No
1110,Yes,No,Yes,No
1686,No,Yes,No,No
1531,Yes,No,No,No
642,No,No,No,No
117,Yes,No,Yes,No
102,Yes,No,No,No
1196,No,Yes,No,No
976,No,No,No,No
1029,Yes,No,Yes,No
1087,Yes,No,Yes,No
322,No,No,No,No
116,No,No,No,No
1040,No,No,No,No
164,Yes,No,No,No
380,No,No,No,No
140,Yes,No,Yes,No
1218,No,No,No,No
139,Yes,No,Yes,No
1382,Yes,No,No,No
481,No,No,No,No
826,No,No,No,No
245,No,No,Yes,No
1166,Yes,No,Yes,No
504,No,No,No,No
1185,Yes,No,No,No
1217,Yes,No,Yes,No
81,No,No,No,No
1268,No,No,No,No
167,Yes,No,Yes,No
858,No,No,No,No
1346,Yes,Yes,No,No
1857,No,No,No,No
1157,Yes,No,Yes,No
1070,No,No,No,No
647,No,No,Yes,No
534,Yes,No,Yes,No
418,No,No,No,No
1371,No,No,No,No
1991,Yes,No,No,No
643,Yes,No,Yes,No
488,No,No,No,No
1646,Yes,No,No,No
1873,No,No,No,No
268,Yes,No,No,No
1745,No,No,No,No
1321,Yes,No,No,No
936,Yes,No,Yes,No
1592,Yes,No,Yes,No
1539,No,No,No,No
148,Yes,No,No,No
19,No,No,No,No
938,Yes,No,Yes,No
1272,No,No,No,No
1153,Yes,No,Yes,No
204,No,No,No,No
150,No,No,No,No
1101,No,No,No,No
436,Yes,No,Yes,No
1036,Yes,No,Yes,No
1585,No,No,No,No
271,Yes,No,Yes,No
714,Yes,No,Yes,No
1611,Yes,No,No,No
500,No,No,No,No
756,No,No,No,No
583,Yes,No,No,No
1814,Yes,No,Yes,No
1742,Yes,No,No,No
1112,No,No,No,No
1440,Yes,Yes,No,Yes
619,Yes,No,No,No
1252,Yes,No,No,No
1339,No,No,No,No
1833,Yes,No,No,Yes
16,No,No,No,No
1367,No,No,No,Yes
1135,Yes,No,No,No
613,No,Yes,No,Yes
1358,No,No,No,No
212,No,No,No,No
275,Yes,No,No,Yes
1959,Yes,Yes,Yes,No
236,No,No,No,No
219,No,No,No,No
1520,Yes,Yes,No,No
1831,No,No,No,No
1972,Yes,No,Yes,No
557,Yes,No,Yes,No
577,Yes,Yes,No,No
1238,No,No,No,No
431,Yes,No,Yes,No
1469,No,No,No,No
702,No,No,No,No
416,No,No,No,No
1407,Yes,No,No,No
1298,No,No,No,No
540,No,No,Yes,No
1035,No,No,No,No
1784,No,No,No,No
1832,Yes,No,Yes,No
104,Yes,No,Yes,No
1966,No,No,No,No
1299,No,No,No,No
1695,Yes,Yes,Yes,Yes
566,No,No,No,No
90,No,No,No,Yes
689,,No,,No
2009,,No,,No
189,,No,,No
778,,No,,No
198,,No,,No
735,,No,,No
1735,,No,,No
704,,No,,No
1236,,No,,No
541,,No,,No
1974,,No,,No
2017,,No,,No
601,,No,,No
890,,No,,No
323,,Yes,,No
929,,No,,No
1478,,No,,No
1793,,No,,No
1473,,No,,No
14,,No,No,No
145,,No,No,No
1449,,No,Yes,No
1292,,No,No,No
120,,No,Yes,No
468,,No,No,No
138,,No,No,No
64,,No,Yes,No
676,,No,No,No
1727,,No,No,No
614,,No,No,No
